{"rouge1": 20.8482, "rouge2": 6.871, "rougeL": 20.5821, "rougeLsum": 20.622, "train_loss": 2.5551408783161387, "epoch": 30, "step": 5428}{"rouge1": 20.9713, "rouge2": 6.8953, "rougeL": 20.6669, "rougeLsum": 20.6833, "train_loss": 2.5446554252832536, "epoch": 31, "step": 10856}{"rouge1": 21.0511, "rouge2": 6.8832, "rougeL": 20.7284, "rougeLsum": 20.7519, "train_loss": 2.5387866948576825, "epoch": 32, "step": 16284}{"rouge1": 21.2065, "rouge2": 6.925, "rougeL": 20.9199, "rougeLsum": 20.9464, "train_loss": 2.532795444339536, "epoch": 33, "step": 21712}{"rouge1": 21.0784, "rouge2": 6.8636, "rougeL": 20.7679, "rougeLsum": 20.7995, "train_loss": 2.5283467595684415, "epoch": 34, "step": 27140}